Email,First Name,Last Name,Company,Website,LinkedIn Profile,Phone,Job Title,Industry
john.doe@example.com,John,Doe,Acme Corporation,https://acme.com,https://linkedin.com/in/johndoe,+1-555-0101,Senior Developer,Technology
jane.smith@example.com,Jane,Smith,Tech Innovations Inc,https://techinnovations.com,https://linkedin.com/in/janesmith,+1-555-0102,Product Manager,Technology
mike.johnson@example.com,Mike,Johnson,Global Solutions Ltd,https://globalsolutions.com,https://linkedin.com/in/mikejohnson,+1-555-0103,Marketing Director,Marketing
sarah.wilson@example.com,Sarah,Wilson,Creative Agency,https://creativeagency.com,https://linkedin.com/in/sarahwilson,+1-555-0104,Creative Director,Design
david.brown@example.com,David,Brown,Financial Services Co,https://financialservices.com,https://linkedin.com/in/davidbrown,+1-555-0105,Financial Advisor,Finance
lisa.davis@example.com,Lisa,Davis,Healthcare Solutions,https://healthcaresolutions.com,https://linkedin.com/in/lisadavis,+1-555-0106,Healthcare Consultant,Healthcare
alex.garcia@example.com,Alex,Garcia,Education Tech,https://edtech.com,https://linkedin.com/in/alexgarcia,+1-555-0107,Education Specialist,Education
emma.miller@example.com,Emma,Miller,Retail Solutions,https://retailsolutions.com,https://linkedin.com/in/emmamiller,+1-555-0108,Retail Manager,Retail
chris.anderson@example.com,Chris,Anderson,Manufacturing Inc,https://manufacturing.com,https://linkedin.com/in/chrisanderson,+1-555-0109,Operations Manager,Manufacturing
olivia.taylor@example.com,Olivia,Taylor,Consulting Group,https://consultinggroup.com,https://linkedin.com/in/oliviataylor,+1-555-0110,Business Consultant,Consulting